Category,Item,Serving_g,Calories_kcal_per_100g,Protein_g_per_100g,Fat_g_per_100g,Carbs_g_per_100g,Fiber_g_per_100g,Sugars_g_per_100g,Sodium_mg_per_100g,Key_vitamins_minerals,Notes
Regional Specialty,Keralan Malai Kofta small,100,268,3.6,24.0,14.0,5.6,13.3,530,Varies widely,Recipe variants cause large nutritional differences.
Fruit,Lychee,100,57,1.4,0.2,16.4,2.8,9.9,0,"Vitamin C, Potassium, Dietary Fiber",Fresh fruit; vitamins vary by type.
Breakfast/Tiffin,Pongal,100,258,11.0,6.7,17.4,1.3,5.6,247,"B-vitamins, Iron (varies), Fibre (if wholegrain)",Values depend on oil/ghee and portion.
Regional Specialty,Bengali Paneer Butter Masala small,100,386,7.5,16.8,11.6,6.0,17.0,476,Varies widely,Recipe variants cause large nutritional differences.
Fruit,Pomegranate,100,94,0.8,0.3,15.9,2.1,15.9,3,"Vitamin C, Potassium, Dietary Fiber",Fresh fruit; vitamins vary by type.
Regional Specialty,Keralan Masala Omelette with Rice,100,183,8.5,17.0,11.9,5.3,5.5,587,Varies widely,Recipe variants cause large nutritional differences.
Regional Specialty,Gujarati Baingan Bharta with Roti,100,295,12.7,17.6,18.2,5.9,5.3,218,Varies widely,Recipe variants cause large nutritional differences.
Regional Specialty,Keralan Butter Chicken medium,100,259,4.9,10.5,54.5,4.6,17.9,435,Varies widely,Recipe variants cause large nutritional differences.
Regional Specialty,Bengali Chole Bhature medium,100,221,5.6,5.5,48.0,0.9,19.1,545,Varies widely,Recipe variants cause large nutritional differences.
Regional Specialty,Gujarati Fish Fry with Roti,100,216,9.6,23.0,30.4,3.2,10.6,422,Varies widely,Recipe variants cause large nutritional differences.
Regional Specialty,Gujarati Butter Chicken with Roti,100,182,3.7,11.7,49.7,3.0,2.7,551,Varies widely,Recipe variants cause large nutritional differences.
Regional Specialty,Keralan Paneer Butter Masala medium,100,166,14.2,6.9,31.0,2.4,7.7,372,Varies widely,Recipe variants cause large nutritional differences.
Regional Specialty,Hyderabadi Kadai Paneer small,100,241,7.5,5.3,43.0,1.7,6.4,102,Varies widely,Recipe variants cause large nutritional differences.
Regional Specialty,Gujarati Masala Omelette medium,100,391,5.9,17.6,41.3,1.9,14.0,392,Varies widely,Recipe variants cause large nutritional differences.
Breakfast/Tiffin,Methi Paratha,100,263,9.2,4.9,21.1,4.8,1.4,260,"B-vitamins, Iron (varies), Fibre (if wholegrain)",Values depend on oil/ghee and portion.
Regional Specialty,Bengali Aloo Gobi with Rice,100,168,5.0,19.3,30.6,0.8,5.9,169,Varies widely,Recipe variants cause large nutritional differences.
Regional Specialty,Keralan Baingan Bharta small,100,404,5.5,8.6,19.4,5.1,12.6,407,Varies widely,Recipe variants cause large nutritional differences.
Bread/Roti,Roti,100,251,10.4,6.8,33.3,3.1,2.9,235,"B-vitamins, Iron (varies), Fibre (if wholegrain)",Values depend on oil/ghee and portion.
Regional Specialty,Punjabi Masala Omelette with Roti,100,447,7.9,8.4,42.8,5.7,13.2,232,Varies widely,Recipe variants cause large nutritional differences.
Regional Specialty,Hyderabadi Aloo Paratha with Rice,100,314,17.3,16.4,54.4,3.2,11.0,110,Varies widely,Recipe variants cause large nutritional differences.
Regional Specialty,Keralan Aloo Paratha small,100,152,12.5,12.7,45.1,4.1,2.8,86,Varies widely,Recipe variants cause large nutritional differences.
Fruit,Banana,100,52,1.3,0.4,12.8,2.4,6.5,1,"Vitamin C, Potassium, Dietary Fiber",Fresh fruit; vitamins vary by type.
Salad/Side,Green Salad,100,87,1.4,0.8,19.3,5.1,6.0,20,Varies,
Regional Specialty,Gujarati Paneer Butter Masala medium,100,280,9.4,17.3,28.7,1.3,18.5,108,Varies widely,Recipe variants cause large nutritional differences.
Regional Specialty,Keralan Kadai Paneer small,100,388,3.5,21.5,57.3,4.2,15.4,462,Varies widely,Recipe variants cause large nutritional differences.
Regional Specialty,Hyderabadi Bhindi Masala small,100,162,10.5,12.0,49.2,3.6,17.2,137,Varies widely,Recipe variants cause large nutritional differences.
Beverage,Lassi (Salted),100,164,3.2,7.3,18.2,0.0,16.6,21,Varies (fruit drinks have vitamin C); caffeine in tea/coffee,Watch added sugar.
Regional Specialty,Hyderabadi Tawa Fish medium,100,120,17.2,23.8,29.6,6.0,19.3,73,Varies widely,Recipe variants cause large nutritional differences.
Regional Specialty,Gujarati Masala Omelette with Roti,100,370,14.8,19.9,16.5,2.9,8.9,479,Varies widely,Recipe variants cause large nutritional differences.
Regional Specialty,Punjabi Malai Kofta with Rice,100,296,17.6,5.0,28.5,3.6,6.7,517,Varies widely,Recipe variants cause large nutritional differences.
Regional Specialty,Keralan Shahi Paneer with Rice,100,408,3.6,21.9,14.1,5.7,15.5,311,Varies widely,Recipe variants cause large nutritional differences.
Regional Specialty,Gujarati Bhindi Masala medium,100,157,4.2,5.5,45.6,4.0,14.9,364,Varies widely,Recipe variants cause large nutritional differences.
Regional Specialty,Bengali Bhindi Masala with Rice,100,143,16.9,17.7,24.0,3.5,13.3,223,Varies widely,Recipe variants cause large nutritional differences.
Breakfast/Tiffin,Aloo Paratha,100,255,8.7,8.9,18.9,3.3,2.9,286,"B-vitamins, Iron (varies), Fibre (if wholegrain)",Values depend on oil/ghee and portion.
Regional Specialty,Punjabi Matar Paneer with Roti,100,361,4.5,19.7,10.3,3.5,18.6,456,Varies widely,Recipe variants cause large nutritional differences.
Sweets/Dessert,Ladoo (Besan),100,467,3.8,25.3,57.8,1.5,39.5,237,Calcium (dairy-based); minimal vitamins otherwise,High sugar and calories.
Regional Specialty,Keralan Sambar with Rice with Rice,100,384,17.7,23.9,13.4,3.1,6.0,358,Varies widely,Recipe variants cause large nutritional differences.
Regional Specialty,Keralan Chole Bhature small,100,186,11.9,23.6,25.5,2.6,15.9,170,Varies widely,Recipe variants cause large nutritional differences.
Regional Specialty,Keralan Aloo Gobi with Rice,100,295,15.3,24.7,31.1,1.2,1.9,432,Varies widely,Recipe variants cause large nutritional differences.
Regional Specialty,Hyderabadi Kadai Paneer with Rice,100,325,9.6,14.4,47.7,4.8,3.2,336,Varies widely,Recipe variants cause large nutritional differences.
Regional Specialty,Keralan Matar Paneer small,100,315,9.7,23.1,28.9,0.9,19.3,592,Varies widely,Recipe variants cause large nutritional differences.
Regional Specialty,Keralan Bhindi Masala small,100,354,4.6,9.0,57.4,2.3,12.6,377,Varies widely,Recipe variants cause large nutritional differences.
Snack/Street Food,Dahi Vada,100,359,10.7,18.8,59.2,3.7,9.5,218,Varies; often high in fat & sodium,Often deep-fried; consume in moderation.
Regional Specialty,Keralan Masala Omelette small,100,333,9.7,4.8,22.6,4.4,4.5,49,Varies widely,Recipe variants cause large nutritional differences.
Regional Specialty,Punjabi Boiled Egg small,100,226,13.3,13.1,21.7,0.6,2.2,153,Varies widely,Recipe variants cause large nutritional differences.
Regional Specialty,Punjabi Paneer Butter Masala with Roti,100,332,12.8,21.2,40.8,5.7,6.0,419,Varies widely,Recipe variants cause large nutritional differences.
Regional Specialty,Rajasthani Butter Chicken with Roti,100,142,12.5,24.6,22.7,0.6,15.9,393,Varies widely,Recipe variants cause large nutritional differences.
Regional Specialty,Punjabi Malai Kofta small,100,247,17.4,22.8,50.7,5.6,14.6,234,Varies widely,Recipe variants cause large nutritional differences.
Regional Specialty,Keralan Aloo Paratha with Rice,100,183,9.8,17.5,43.6,3.7,16.5,420,Varies widely,Recipe variants cause large nutritional differences.
Regional Specialty,Rajasthani Paneer Butter Masala medium,100,234,15.7,10.1,37.8,1.1,5.9,271,Varies widely,Recipe variants cause large nutritional differences.
Regional Specialty,Hyderabadi Butter Chicken with Roti,100,412,17.8,12.6,24.1,2.6,10.8,205,Varies widely,Recipe variants cause large nutritional differences.
Regional Specialty,Gujarati Matar Paneer with Rice,100,377,16.8,22.4,48.5,4.3,13.0,342,Varies widely,Recipe variants cause large nutritional differences.
Beverage,Masala Chai,100,104,5.1,7.6,13.2,0.0,18.7,139,Varies (fruit drinks have vitamin C); caffeine in tea/coffee,Watch added sugar.
Regional Specialty,Punjabi Tawa Fish small,100,364,3.0,23.1,20.1,1.2,14.5,371,Varies widely,Recipe variants cause large nutritional differences.
Regional Specialty,Punjabi Baingan Bharta with Rice,100,428,17.2,6.6,25.7,5.8,19.4,338,Varies widely,Recipe variants cause large nutritional differences.
Regional Specialty,Gujarati Aloo Paratha medium,100,190,12.4,22.8,42.3,2.2,9.1,413,Varies widely,Recipe variants cause large nutritional differences.
Regional Specialty,Punjabi Tawa Fish with Roti,100,397,7.6,13.3,14.5,1.8,4.8,579,Varies widely,Recipe variants cause large nutritional differences.
Sweets/Dessert,Shrikhand,100,413,9.1,7.9,36.0,1.3,25.3,74,Calcium (dairy-based); minimal vitamins otherwise,High sugar and calories.
Breakfast/Tiffin,Masala Dosa,100,243,4.8,10.4,27.3,2.1,5.1,257,"B-vitamins, Iron (varies), Fibre (if wholegrain)",Values depend on oil/ghee and portion.
Beverage,Filter Coffee,100,159,5.4,3.9,8.9,0.0,12.1,99,Varies (fruit drinks have vitamin C); caffeine in tea/coffee,Watch added sugar.
Regional Specialty,Punjabi Sambar with Rice medium,100,271,12.7,20.0,49.7,1.8,8.0,286,Varies widely,Recipe variants cause large nutritional differences.
Regional Specialty,Keralan Masala Omelette medium,100,274,9.3,4.3,36.0,3.9,14.2,468,Varies widely,Recipe variants cause large nutritional differences.
Regional Specialty,Rajasthani Fish Fry small,100,296,5.5,22.6,47.4,4.3,6.1,435,Varies widely,Recipe variants cause large nutritional differences.
Regional Specialty,Keralan Matar Paneer with Rice,100,152,11.1,3.4,54.7,5.9,9.7,333,Varies widely,Recipe variants cause large nutritional differences.
Sweets/Dessert,Gulab Jamun,100,488,5.5,22.2,50.4,2.4,53.6,208,Calcium (dairy-based); minimal vitamins otherwise,High sugar and calories.
Regional Specialty,Gujarati Fish Fry small,100,148,10.7,5.7,25.6,3.3,3.1,576,Varies widely,Recipe variants cause large nutritional differences.
Regional Specialty,Hyderabadi Matar Paneer with Rice,100,210,17.0,2.8,51.8,4.8,4.1,336,Varies widely,Recipe variants cause large nutritional differences.
Sweets/Dessert,Barfi (Milk),100,476,6.9,23.3,50.2,2.5,39.2,249,Calcium (dairy-based); minimal vitamins otherwise,High sugar and calories.
Regional Specialty,Rajasthani Paneer Butter Masala with Rice,100,166,15.5,4.1,14.8,4.6,16.3,101,Varies widely,Recipe variants cause large nutritional differences.
Bread/Roti,Butter Naan,100,221,8.4,4.9,55.9,7.4,1.2,200,"B-vitamins, Iron (varies), Fibre (if wholegrain)",Values depend on oil/ghee and portion.
Sweets/Dessert,Rasmalai,100,516,5.9,11.7,47.6,2.2,28.2,105,Calcium (dairy-based); minimal vitamins otherwise,High sugar and calories.
Beverage,Lassi (Sweet),100,91,4.0,6.4,22.0,0.0,21.0,32,Varies (fruit drinks have vitamin C); caffeine in tea/coffee,Watch added sugar.
Breakfast/Tiffin,Idli,100,263,4.0,11.6,18.9,1.7,1.7,239,"B-vitamins, Iron (varies), Fibre (if wholegrain)",Values depend on oil/ghee and portion.
Breakfast/Tiffin,Pav Bhaji,100,108,10.2,7.2,13.9,5.6,5.0,233,"B-vitamins, Iron (varies), Fibre (if wholegrain)",Values depend on oil/ghee and portion.
Regional Specialty,Gujarati Bhindi Masala with Roti,100,287,3.4,8.3,59.6,3.2,7.4,424,Varies widely,Recipe variants cause large nutritional differences.
Breakfast/Tiffin,Egg Bhurji,100,117,11.8,8.9,15.5,4.3,7.6,92,"B-vitamins, Iron (varies), Fibre (if wholegrain)",Values depend on oil/ghee and portion.
Regional Specialty,Bengali Fish Fry with Roti,100,436,12.1,18.0,11.9,5.4,7.0,283,Varies widely,Recipe variants cause large nutritional differences.
Regional Specialty,Keralan Fish Fry with Roti,100,187,12.7,15.8,10.4,1.9,16.2,352,Varies widely,Recipe variants cause large nutritional differences.
Meat/Seafood,Prawn Curry,100,121,29.6,12.4,7.0,0.0,0.0,179,"Protein, B12, Iron (esp. red meat), Omega-3 (seafood)",Good protein source; fat depends on cut & cooking.
Beverage,Tender Coconut Water,100,69,5.0,3.8,22.7,0.0,1.3,89,Varies (fruit drinks have vitamin C); caffeine in tea/coffee,Watch added sugar.
Regional Specialty,Hyderabadi Chole Bhature with Rice,100,250,7.3,4.8,34.9,2.9,3.0,585,Varies widely,Recipe variants cause large nutritional differences.
Regional Specialty,Hyderabadi Aloo Paratha medium,100,148,7.4,10.6,17.3,3.4,11.5,224,Varies widely,Recipe variants cause large nutritional differences.
Breakfast/Tiffin,Khichdi,100,284,10.9,5.4,26.0,1.9,7.4,272,"B-vitamins, Iron (varies), Fibre (if wholegrain)",Values depend on oil/ghee and portion.
Regional Specialty,Hyderabadi Baingan Bharta medium,100,175,14.5,17.1,27.8,4.1,1.4,449,Varies widely,Recipe variants cause large nutritional differences.
Snack/Street Food,Corn Chaat,100,302,9.9,14.3,49.9,1.2,7.7,490,Varies; often high in fat & sodium,Often deep-fried; consume in moderation.
Sweets/Dessert,Kulfi (Pista),100,276,3.6,19.2,67.1,1.4,44.4,51,Calcium (dairy-based); minimal vitamins otherwise,High sugar and calories.
Meat/Seafood,Rogan Josh,100,159,18.2,11.2,7.2,0.0,0.0,587,"Protein, B12, Iron (esp. red meat), Omega-3 (seafood)",Good protein source; fat depends on cut & cooking.
Rice Dish,Brown Rice,100,253,3.6,3.3,46.8,1.6,1.4,83,"B-vitamins, Iron (varies), Fibre (if wholegrain)",Values depend on oil/ghee and portion.
Regional Specialty,Punjabi Fish Fry with Roti,100,160,8.9,21.6,11.7,3.6,10.6,190,Varies widely,Recipe variants cause large nutritional differences.
Rice Dish,Chicken Biryani,100,133,2.5,4.8,31.1,0.5,3.2,213,"B-vitamins, Iron (varies), Fibre (if wholegrain)",Values depend on oil/ghee and portion.
Regional Specialty,Gujarati Kadai Paneer with Roti,100,216,15.1,15.5,43.6,1.7,4.6,380,Varies widely,Recipe variants cause large nutritional differences.
Regional Specialty,Punjabi Tawa Fish medium,100,150,3.3,15.5,55.9,4.8,17.0,413,Varies widely,Recipe variants cause large nutritional differences.
Regional Specialty,Rajasthani Baingan Bharta with Rice,100,319,3.1,6.9,23.9,4.4,16.0,144,Varies widely,Recipe variants cause large nutritional differences.
Regional Specialty,Keralan Paneer Butter Masala with Rice,100,339,15.7,24.4,50.9,3.9,13.0,66,Varies widely,Recipe variants cause large nutritional differences.
Regional Specialty,Bengali Matar Paneer with Roti,100,383,7.9,11.2,14.8,5.9,9.8,294,Varies widely,Recipe variants cause large nutritional differences.
Regional Specialty,Keralan Bhindi Masala with Roti,100,273,10.3,3.8,22.6,1.9,12.7,240,Varies widely,Recipe variants cause large nutritional differences.
Snack/Street Food,Chana Jor Garam,100,455,8.8,17.0,49.3,2.9,9.4,293,Varies; often high in fat & sodium,Often deep-fried; consume in moderation.
Regional Specialty,Gujarati Egg Curry with Rice,100,418,11.8,23.1,13.7,6.0,4.4,494,Varies widely,Recipe variants cause large nutritional differences.
Regional Specialty,Bengali Tawa Fish medium,100,251,14.8,18.6,12.4,2.9,8.7,210,Varies widely,Recipe variants cause large nutritional differences.
Sweets/Dessert,Ladoo (Coconut),100,312,5.7,25.2,56.7,3.0,40.8,213,Calcium (dairy-based); minimal vitamins otherwise,High sugar and calories.
Regional Specialty,Bengali Baingan Bharta with Rice,100,289,17.5,11.9,10.5,1.9,10.5,571,Varies widely,Recipe variants cause large nutritional differences.
Regional Specialty,Punjabi Egg Curry small,100,238,16.5,14.0,45.0,2.5,19.5,126,Varies widely,Recipe variants cause large nutritional differences.
Regional Specialty,Bengali Bhindi Masala with Roti,100,281,3.2,6.8,17.2,5.0,16.5,118,Varies widely,Recipe variants cause large nutritional differences.
Regional Specialty,Keralan Butter Chicken small,100,362,6.8,19.3,19.6,2.5,15.7,379,Varies widely,Recipe variants cause large nutritional differences.
Regional Specialty,Gujarati Egg Curry with Roti,100,185,4.4,21.5,50.4,1.2,18.9,91,Varies widely,Recipe variants cause large nutritional differences.
Regional Specialty,Gujarati Egg Curry medium,100,208,8.3,22.9,23.7,3.0,3.4,291,Varies widely,Recipe variants cause large nutritional differences.
Regional Specialty,Punjabi Butter Chicken medium,100,344,3.7,10.4,46.0,5.8,12.4,499,Varies widely,Recipe variants cause large nutritional differences.
Regional Specialty,Hyderabadi Bhindi Masala medium,100,390,16.8,7.3,55.1,4.3,11.6,317,Varies widely,Recipe variants cause large nutritional differences.
Regional Specialty,Gujarati Butter Chicken medium,100,434,8.3,15.1,19.4,4.2,10.7,409,Varies widely,Recipe variants cause large nutritional differences.
Regional Specialty,Bengali Masala Omelette with Roti,100,361,16.3,13.5,53.4,2.6,6.3,95,Varies widely,Recipe variants cause large nutritional differences.
Regional Specialty,Keralan Kadai Paneer medium,100,190,15.6,7.3,45.4,0.6,10.4,422,Varies widely,Recipe variants cause large nutritional differences.
Regional Specialty,Punjabi Chole Bhature medium,100,143,6.3,24.6,12.7,1.6,18.9,180,Varies widely,Recipe variants cause large nutritional differences.
Regional Specialty,Hyderabadi Masala Omelette with Rice,100,327,8.8,2.8,45.4,3.6,4.2,267,Varies widely,Recipe variants cause large nutritional differences.
Regional Specialty,Hyderabadi Baingan Bharta small,100,398,3.6,24.3,45.1,5.0,12.1,127,Varies widely,Recipe variants cause large nutritional differences.
Regional Specialty,Rajasthani Kadai Paneer medium,100,271,5.3,9.6,29.0,5.1,10.2,385,Varies widely,Recipe variants cause large nutritional differences.
Regional Specialty,Gujarati Chole Bhature small,100,300,10.6,9.1,32.6,0.8,16.7,118,Varies widely,Recipe variants cause large nutritional differences.
Regional Specialty,Bengali Bhindi Masala small,100,273,5.4,7.5,51.7,2.6,18.0,379,Varies widely,Recipe variants cause large nutritional differences.
Regional Specialty,Keralan Fish Fry medium,100,386,15.4,11.1,15.1,3.3,13.4,423,Varies widely,Recipe variants cause large nutritional differences.
Regional Specialty,Hyderabadi Tawa Fish with Roti,100,200,14.0,12.0,42.0,3.2,6.7,405,Varies widely,Recipe variants cause large nutritional differences.
Regional Specialty,Gujarati Masala Omelette small,100,364,8.7,2.9,20.0,2.6,0.8,369,Varies widely,Recipe variants cause large nutritional differences.
Fruit,Mango,100,89,1.3,0.6,10.7,1.1,9.1,5,"Vitamin C, Potassium, Dietary Fiber",Fresh fruit; vitamins vary by type.
Regional Specialty,Bengali Egg Curry small,100,404,14.2,7.7,33.1,4.9,3.2,52,Varies widely,Recipe variants cause large nutritional differences.
Sweets/Dessert,Sooji Halwa,100,260,8.9,24.4,45.2,0.2,32.3,212,Calcium (dairy-based); minimal vitamins otherwise,High sugar and calories.
Regional Specialty,Gujarati Tawa Fish with Rice,100,331,10.4,10.7,37.3,1.1,9.9,270,Varies widely,Recipe variants cause large nutritional differences.
Breakfast/Tiffin,Sambar,100,260,4.4,10.8,28.7,2.9,5.2,169,"B-vitamins, Iron (varies), Fibre (if wholegrain)",Values depend on oil/ghee and portion.
Regional Specialty,Punjabi Egg Curry with Rice,100,291,3.0,17.1,52.5,4.5,2.5,582,Varies widely,Recipe variants cause large nutritional differences.
Regional Specialty,Punjabi Chole Bhature with Roti,100,259,9.6,11.8,40.4,2.8,4.7,564,Varies widely,Recipe variants cause large nutritional differences.
Regional Specialty,Hyderabadi Fish Fry with Rice,100,424,6.9,22.9,55.7,0.9,8.1,446,Varies widely,Recipe variants cause large nutritional differences.
Breakfast/Tiffin,Vegetable Pulao,100,260,5.7,10.3,29.1,1.8,6.3,188,"B-vitamins, Iron (varies), Fibre (if wholegrain)",Values depend on oil/ghee and portion.
Regional Specialty,Punjabi Sambar with Rice with Rice,100,164,16.4,5.2,16.2,4.5,7.4,479,Varies widely,Recipe variants cause large nutritional differences.
Snack/Street Food,Momos (Veg),100,313,5.1,34.0,26.9,1.5,4.9,421,Varies; often high in fat & sodium,Often deep-fried; consume in moderation.
Regional Specialty,Hyderabadi Masala Omelette medium,100,291,12.8,7.1,21.2,5.3,8.7,379,Varies widely,Recipe variants cause large nutritional differences.
Regional Specialty,Rajasthani Bhindi Masala with Roti,100,164,5.8,12.3,37.7,2.7,1.0,402,Varies widely,Recipe variants cause large nutritional differences.
Regional Specialty,Rajasthani Egg Curry medium,100,284,8.8,6.1,25.9,1.7,18.0,327,Varies widely,Recipe variants cause large nutritional differences.
Regional Specialty,Hyderabadi Sambar with Rice medium,100,379,7.3,18.4,48.4,2.8,8.3,589,Varies widely,Recipe variants cause large nutritional differences.
Breakfast/Tiffin,Dal Makhani,100,130,5.2,2.8,12.6,3.8,5.1,51,"B-vitamins, Iron (varies), Fibre (if wholegrain)",Values depend on oil/ghee and portion.
Regional Specialty,Bengali Malai Kofta with Rice,100,169,8.9,20.3,27.0,5.7,15.2,243,Varies widely,Recipe variants cause large nutritional differences.
Rice Dish,Tamarind Rice,100,182,3.8,2.4,53.3,3.0,2.6,256,"B-vitamins, Iron (varies), Fibre (if wholegrain)",Values depend on oil/ghee and portion.
Regional Specialty,Rajasthani Masala Omelette with Rice,100,279,4.9,10.8,39.4,1.4,16.6,345,Varies widely,Recipe variants cause large nutritional differences.
Regional Specialty,Rajasthani Malai Kofta small,100,280,17.4,12.6,36.7,3.5,13.7,310,Varies widely,Recipe variants cause large nutritional differences.
Regional Specialty,Hyderabadi Butter Chicken with Rice,100,239,11.0,9.1,50.4,3.1,16.8,416,Varies widely,Recipe variants cause large nutritional differences.
Regional Specialty,Bengali Matar Paneer small,100,123,6.9,7.4,47.7,5.7,6.4,51,Varies widely,Recipe variants cause large nutritional differences.
Snack/Street Food,Frankie,100,388,4.1,34.8,56.1,3.3,2.1,257,Varies; often high in fat & sodium,Often deep-fried; consume in moderation.
Regional Specialty,Rajasthani Sambar with Rice with Roti,100,245,3.7,10.4,56.0,1.5,19.2,76,Varies widely,Recipe variants cause large nutritional differences.
Bread/Roti,Chapati,100,254,7.1,4.8,56.2,2.5,4.1,340,"B-vitamins, Iron (varies), Fibre (if wholegrain)",Values depend on oil/ghee and portion.
Regional Specialty,Kashmiri Dum Aloo,100,255,14.8,16.4,43.1,5.6,8.8,597,Varies widely,Recipe variants cause large nutritional differences.
Regional Specialty,Bengali Baingan Bharta medium,100,192,8.2,9.9,49.2,3.4,7.3,139,Varies widely,Recipe variants cause large nutritional differences.
Regional Specialty,Gujarati Matar Paneer with Roti,100,308,12.2,7.0,16.7,1.3,15.1,422,Varies widely,Recipe variants cause large nutritional differences.
Regional Specialty,Keralan Aloo Paratha with Roti,100,175,13.1,12.8,41.0,5.7,6.9,266,Varies widely,Recipe variants cause large nutritional differences.
Snack/Street Food,Momos (Chicken),100,403,10.3,21.8,32.3,3.9,3.3,546,Varies; often high in fat & sodium,Often deep-fried; consume in moderation.
Regional Specialty,Hyderabadi Butter Chicken small,100,222,15.0,5.2,22.5,4.0,17.5,145,Varies widely,Recipe variants cause large nutritional differences.
Breakfast/Tiffin,Rajma,100,151,9.4,7.2,30.8,2.9,7.3,165,"B-vitamins, Iron (varies), Fibre (if wholegrain)",Values depend on oil/ghee and portion.
Breakfast/Tiffin,Curd Rice,100,237,9.8,12.0,21.5,2.5,2.1,50,"B-vitamins, Iron (varies), Fibre (if wholegrain)",Values depend on oil/ghee and portion.
Regional Specialty,Rajasthani Shahi Paneer with Rice,100,186,9.5,22.9,12.8,1.2,3.5,208,Varies widely,Recipe variants cause large nutritional differences.
Sweets/Dessert,Kheer,100,287,5.6,27.3,53.0,2.2,33.4,122,Calcium (dairy-based); minimal vitamins otherwise,High sugar and calories.
Regional Specialty,Punjabi Shahi Paneer with Rice,100,293,17.6,13.4,34.9,5.6,10.6,124,Varies widely,Recipe variants cause large nutritional differences.
Regional Specialty,Keralan Butter Chicken with Rice,100,443,5.7,5.1,45.8,5.7,1.2,246,Varies widely,Recipe variants cause large nutritional differences.
Fruit,Sapota (Chikoo),100,71,1.3,0.2,12.4,3.4,9.4,4,"Vitamin C, Potassium, Dietary Fiber",Fresh fruit; vitamins vary by type.
Regional Specialty,Rajasthani Tawa Fish with Roti,100,255,12.9,8.8,14.8,2.7,11.2,542,Varies widely,Recipe variants cause large nutritional differences.
Regional Specialty,Hyderabadi Matar Paneer medium,100,289,5.4,12.6,22.9,1.5,14.9,342,Varies widely,Recipe variants cause large nutritional differences.
Breakfast/Tiffin,Chole,100,167,7.7,9.9,39.0,5.6,6.3,226,"B-vitamins, Iron (varies), Fibre (if wholegrain)",Values depend on oil/ghee and portion.
Regional Specialty,Gujarati Shahi Paneer medium,100,184,17.6,16.8,32.5,4.2,7.2,226,Varies widely,Recipe variants cause large nutritional differences.
Regional Specialty,Punjabi Egg Curry with Roti,100,241,9.3,24.1,58.6,1.3,6.0,84,Varies widely,Recipe variants cause large nutritional differences.
Regional Specialty,Punjabi Aloo Gobi small,100,401,10.7,15.2,23.4,3.5,19.8,595,Varies widely,Recipe variants cause large nutritional differences.
Breakfast/Tiffin,Poha,100,286,7.1,3.6,37.8,1.4,3.1,210,"B-vitamins, Iron (varies), Fibre (if wholegrain)",Values depend on oil/ghee and portion.
Salad/Side,Kachumber Salad,100,44,2.3,4.0,2.5,0.7,4.6,175,Varies,
Rice Dish,Veg Biryani,100,207,3.0,6.7,30.6,2.2,3.7,266,"B-vitamins, Iron (varies), Fibre (if wholegrain)",Values depend on oil/ghee and portion.
Regional Specialty,Bengali Sambar with Rice small,100,343,13.9,21.5,12.9,1.0,9.0,504,Varies widely,Recipe variants cause large nutritional differences.
Breakfast/Tiffin,Rasam,100,235,5.3,9.2,38.4,4.4,1.8,276,"B-vitamins, Iron (varies), Fibre (if wholegrain)",Values depend on oil/ghee and portion.
Regional Specialty,Gujarati Fish Fry medium,100,411,3.4,6.4,51.6,5.1,5.4,507,Varies widely,Recipe variants cause large nutritional differences.
Regional Specialty,Keralan Baingan Bharta with Roti,100,425,5.1,10.8,19.3,4.0,14.0,217,Varies widely,Recipe variants cause large nutritional differences.
Breakfast/Tiffin,Uttapam,100,101,9.8,4.1,23.8,2.4,2.5,245,"B-vitamins, Iron (varies), Fibre (if wholegrain)",Values depend on oil/ghee and portion.
Regional Specialty,Keralan Malai Kofta with Roti,100,267,4.8,17.6,29.0,5.9,16.5,189,Varies widely,Recipe variants cause large nutritional differences.
Regional Specialty,Hyderabadi Egg Curry with Roti,100,282,9.8,7.4,57.2,1.2,15.5,151,Varies widely,Recipe variants cause large nutritional differences.
Snack/Street Food,Sev Puri,100,333,9.1,26.0,29.7,4.5,6.0,296,Varies; often high in fat & sodium,Often deep-fried; consume in moderation.
Regional Specialty,Goan Fish Curry,100,432,17.4,4.3,48.1,3.9,5.7,123,Varies widely,Recipe variants cause large nutritional differences.
Regional Specialty,Hyderabadi Bhindi Masala with Rice,100,160,8.6,11.3,38.3,5.9,4.9,122,Varies widely,Recipe variants cause large nutritional differences.
Regional Specialty,Rajasthani Malai Kofta medium,100,432,10.3,24.0,24.0,2.1,18.9,344,Varies widely,Recipe variants cause large nutritional differences.
Breakfast/Tiffin,Palak Paneer,100,208,6.7,13.2,13.5,4.3,5.5,65,"B-vitamins, Iron (varies), Fibre (if wholegrain)",Values depend on oil/ghee and portion.
Regional Specialty,Punjabi Matar Paneer medium,100,413,6.5,19.0,52.5,0.7,18.5,467,Varies widely,Recipe variants cause large nutritional differences.
Regional Specialty,Gujarati Sambar with Rice small,100,291,15.1,8.3,13.2,4.4,11.7,118,Varies widely,Recipe variants cause large nutritional differences.
Breakfast/Tiffin,Toor Dal,100,118,9.4,2.8,13.9,1.2,3.3,181,"B-vitamins, Iron (varies), Fibre (if wholegrain)",Values depend on oil/ghee and portion.
Breakfast/Tiffin,Thepla,100,174,11.9,13.1,36.3,2.9,4.2,263,"B-vitamins, Iron (varies), Fibre (if wholegrain)",Values depend on oil/ghee and portion.
Regional Specialty,Punjabi Chole Bhature with Rice,100,410,11.9,22.3,17.8,4.6,1.5,123,Varies widely,Recipe variants cause large nutritional differences.
Regional Specialty,Punjabi Fish Fry medium,100,184,3.6,3.8,44.2,1.6,16.5,191,Varies widely,Recipe variants cause large nutritional differences.
Regional Specialty,Punjabi Sarson Ka Saag,100,163,17.9,4.7,48.2,3.8,15.9,271,Varies widely,Recipe variants cause large nutritional differences.
Bread/Roti,Bhatura,100,220,6.3,5.0,55.5,2.4,0.8,260,"B-vitamins, Iron (varies), Fibre (if wholegrain)",Values depend on oil/ghee and portion.
Regional Specialty,Punjabi Paneer Butter Masala with Rice,100,309,13.1,19.1,57.3,2.8,15.0,198,Varies widely,Recipe variants cause large nutritional differences.
Regional Specialty,Rajasthani Fish Fry medium,100,145,5.4,15.2,58.2,5.2,13.1,251,Varies widely,Recipe variants cause large nutritional differences.
Salad/Side,Raita (Boondi),100,107,2.9,2.2,1.8,4.7,5.0,343,Varies,
Regional Specialty,Assamese Fish Tenga,100,235,12.7,22.9,51.3,0.9,3.7,354,Varies widely,Recipe variants cause large nutritional differences.
Regional Specialty,Hyderabadi Egg Curry with Rice,100,186,6.6,8.0,25.8,4.9,14.2,374,Varies widely,Recipe variants cause large nutritional differences.
Regional Specialty,Rajasthani Paneer Butter Masala small,100,146,17.5,15.8,27.6,3.7,4.6,533,Varies widely,Recipe variants cause large nutritional differences.
Regional Specialty,Keralan Chole Bhature medium,100,389,4.4,17.4,35.4,0.6,6.5,259,Varies widely,Recipe variants cause large nutritional differences.
Regional Specialty,Keralan Baingan Bharta with Rice,100,280,4.8,9.0,19.2,4.3,10.5,468,Varies widely,Recipe variants cause large nutritional differences.
Regional Specialty,Bengali Aloo Paratha medium,100,248,9.9,8.9,60.0,5.2,2.6,430,Varies widely,Recipe variants cause large nutritional differences.
Regional Specialty,Gujarati Chole Bhature with Roti,100,441,7.7,12.1,33.4,4.0,16.0,97,Varies widely,Recipe variants cause large nutritional differences.
Regional Specialty,Bengali Aloo Gobi small,100,192,11.7,8.2,30.7,3.0,12.9,135,Varies widely,Recipe variants cause large nutritional differences.
Regional Specialty,Keralan Aloo Gobi small,100,448,17.9,5.3,36.5,0.5,13.2,490,Varies widely,Recipe variants cause large nutritional differences.
Regional Specialty,Punjabi Aloo Gobi medium,100,141,14.4,12.2,20.9,2.8,14.9,293,Varies widely,Recipe variants cause large nutritional differences.
Regional Specialty,Rajasthani Fish Fry with Roti,100,135,6.6,13.2,32.3,5.8,9.8,398,Varies widely,Recipe variants cause large nutritional differences.
Regional Specialty,Bengali Shahi Paneer with Roti,100,348,6.2,16.1,44.7,6.0,4.4,178,Varies widely,Recipe variants cause large nutritional differences.
Regional Specialty,Rajasthani Tawa Fish medium,100,222,4.5,6.8,41.9,5.9,9.7,158,Varies widely,Recipe variants cause large nutritional differences.
Regional Specialty,Bengali Aloo Paratha with Rice,100,207,5.6,16.0,29.1,4.3,10.2,186,Varies widely,Recipe variants cause large nutritional differences.
Regional Specialty,Bengali Sambar with Rice with Roti,100,394,7.9,15.5,48.2,4.1,13.0,357,Varies widely,Recipe variants cause large nutritional differences.
Sweets/Dessert,Phirni,100,374,3.2,22.5,65.7,2.6,51.0,219,Calcium (dairy-based); minimal vitamins otherwise,High sugar and calories.
Regional Specialty,Punjabi Shahi Paneer small,100,287,12.9,9.0,40.1,2.8,14.0,399,Varies widely,Recipe variants cause large nutritional differences.
Regional Specialty,Bengali Paneer Butter Masala medium,100,175,10.4,22.9,13.7,0.9,12.4,107,Varies widely,Recipe variants cause large nutritional differences.
Regional Specialty,Hyderabadi Chole Bhature medium,100,268,4.7,2.5,26.2,4.9,12.6,410,Varies widely,Recipe variants cause large nutritional differences.
Regional Specialty,Bengali Shahi Paneer with Rice,100,178,3.4,6.3,35.9,5.5,2.8,306,Varies widely,Recipe variants cause large nutritional differences.
Regional Specialty,Rajasthani Aloo Gobi with Roti,100,201,16.1,22.2,14.7,2.5,2.1,209,Varies widely,Recipe variants cause large nutritional differences.
Regional Specialty,Bengali Kadai Paneer small,100,193,15.1,23.0,38.1,5.8,11.4,177,Varies widely,Recipe variants cause large nutritional differences.
Regional Specialty,Gujarati Chole Bhature with Rice,100,357,14.3,19.5,32.4,5.6,11.5,370,Varies widely,Recipe variants cause large nutritional differences.
Beverage,Nimbu Pani,100,59,2.7,2.7,26.5,0.0,7.0,107,Varies (fruit drinks have vitamin C); caffeine in tea/coffee,Watch added sugar.
Regional Specialty,Rajasthani Dal Baati Churma,100,387,8.7,22.9,24.9,3.7,8.9,101,Varies widely,Recipe variants cause large nutritional differences.
Regional Specialty,Bengali Malai Kofta with Roti,100,428,10.6,13.5,12.3,1.3,7.0,525,Varies widely,Recipe variants cause large nutritional differences.
Regional Specialty,Gujarati Aloo Paratha with Rice,100,412,8.4,8.8,45.0,0.6,16.7,445,Varies widely,Recipe variants cause large nutritional differences.
Fruit,Jackfruit,100,89,0.9,0.3,20.7,1.8,16.1,0,"Vitamin C, Potassium, Dietary Fiber",Fresh fruit; vitamins vary by type.
Regional Specialty,Rajasthani Aloo Paratha medium,100,323,17.5,20.5,28.3,4.8,0.8,589,Varies widely,Recipe variants cause large nutritional differences.
Regional Specialty,Punjabi Baingan Bharta medium,100,356,17.1,6.8,49.9,5.1,1.8,458,Varies widely,Recipe variants cause large nutritional differences.
Regional Specialty,Gujarati Sambar with Rice with Roti,100,310,4.9,20.0,23.4,5.4,15.5,70,Varies widely,Recipe variants cause large nutritional differences.
Regional Specialty,Punjabi Matar Paneer with Rice,100,244,3.8,22.8,21.3,1.8,2.5,378,Varies widely,Recipe variants cause large nutritional differences.
Beverage,Mango Lassi,100,62,3.9,6.2,19.9,0.0,18.9,63,Varies (fruit drinks have vitamin C); caffeine in tea/coffee,Watch added sugar.
Meat/Seafood,Fried Fish,100,202,17.7,3.2,5.3,0.0,0.0,330,"Protein, B12, Iron (esp. red meat), Omega-3 (seafood)",Good protein source; fat depends on cut & cooking.
Regional Specialty,Bengali Paneer Butter Masala with Rice,100,421,7.9,6.0,12.6,4.6,10.8,105,Varies widely,Recipe variants cause large nutritional differences.
Regional Specialty,Hyderabadi Paneer Butter Masala small,100,288,14.6,20.1,39.8,2.0,19.7,173,Varies widely,Recipe variants cause large nutritional differences.
Regional Specialty,Rajasthani Chole Bhature small,100,140,6.7,12.1,32.0,3.4,3.6,421,Varies widely,Recipe variants cause large nutritional differences.
Regional Specialty,Keralan Shahi Paneer with Roti,100,227,14.5,11.6,41.9,3.2,12.7,336,Varies widely,Recipe variants cause large nutritional differences.
Sweets/Dessert,Halwa (Carrot),100,282,5.3,13.9,48.6,0.4,49.2,119,Calcium (dairy-based); minimal vitamins otherwise,High sugar and calories.
Regional Specialty,Keralan Tawa Fish medium,100,397,9.2,19.4,21.4,0.8,8.0,575,Varies widely,Recipe variants cause large nutritional differences.
Regional Specialty,Hyderabadi Shahi Paneer with Roti,100,193,15.7,17.6,31.9,1.2,5.1,415,Varies widely,Recipe variants cause large nutritional differences.
Regional Specialty,Hyderabadi Masala Omelette with Roti,100,393,12.6,12.9,57.0,2.5,6.4,214,Varies widely,Recipe variants cause large nutritional differences.
Salad/Side,Raita (Cucumber),100,66,3.7,1.5,12.1,4.0,5.2,56,Varies,
Regional Specialty,Gujarati Matar Paneer small,100,332,13.5,23.0,47.9,4.9,16.6,293,Varies widely,Recipe variants cause large nutritional differences.
Regional Specialty,Bengali Egg Curry medium,100,151,15.5,24.6,16.5,5.0,7.8,126,Varies widely,Recipe variants cause large nutritional differences.
Regional Specialty,Bengali Tawa Fish small,100,447,13.9,9.7,10.6,1.7,14.0,398,Varies widely,Recipe variants cause large nutritional differences.
Regional Specialty,Rajasthani Baingan Bharta small,100,447,7.7,10.9,29.6,1.1,7.4,508,Varies widely,Recipe variants cause large nutritional differences.
Regional Specialty,Rajasthani Sambar with Rice medium,100,258,15.4,15.1,16.0,4.2,1.5,268,Varies widely,Recipe variants cause large nutritional differences.
Regional Specialty,Rajasthani Shahi Paneer small,100,248,5.9,24.0,23.7,3.9,12.5,135,Varies widely,Recipe variants cause large nutritional differences.
Regional Specialty,Gujarati Malai Kofta with Rice,100,370,13.6,8.9,50.8,2.5,13.6,466,Varies widely,Recipe variants cause large nutritional differences.
Regional Specialty,Gujarati Malai Kofta medium,100,195,15.3,7.6,38.6,4.4,4.2,491,Varies widely,Recipe variants cause large nutritional differences.
Regional Specialty,Bengali Kadai Paneer medium,100,318,6.6,6.7,42.3,5.6,17.0,134,Varies widely,Recipe variants cause large nutritional differences.
Regional Specialty,Punjabi Sambar with Rice with Roti,100,281,14.9,7.7,42.2,1.9,12.2,331,Varies widely,Recipe variants cause large nutritional differences.
Regional Specialty,Rajasthani Masala Omelette with Roti,100,268,9.8,14.0,36.2,2.9,13.9,177,Varies widely,Recipe variants cause large nutritional differences.
Bread/Roti,Makki Ki Roti,100,269,6.4,3.9,31.5,4.9,4.6,335,"B-vitamins, Iron (varies), Fibre (if wholegrain)",Values depend on oil/ghee and portion.
Regional Specialty,Gujarati Chole Bhature medium,100,450,16.0,21.7,40.8,3.3,9.5,82,Varies widely,Recipe variants cause large nutritional differences.
Regional Specialty,Hyderabadi Aloo Paratha small,100,444,13.6,4.3,18.3,2.1,1.1,372,Varies widely,Recipe variants cause large nutritional differences.
Regional Specialty,Gujarati Aloo Gobi medium,100,143,4.5,20.0,33.0,1.2,17.2,491,Varies widely,Recipe variants cause large nutritional differences.
Regional Specialty,Rajasthani Egg Curry with Roti,100,222,12.6,20.3,22.5,6.0,11.1,59,Varies widely,Recipe variants cause large nutritional differences.
Regional Specialty,Punjabi Kadai Paneer with Rice,100,121,14.3,24.5,33.2,4.5,8.8,428,Varies widely,Recipe variants cause large nutritional differences.
Regional Specialty,Keralan Sambar with Rice with Roti,100,287,4.3,12.5,28.4,2.1,15.8,288,Varies widely,Recipe variants cause large nutritional differences.
Snack/Street Food,Pani Puri,100,366,8.2,33.6,56.4,4.1,7.0,227,Varies; often high in fat & sodium,Often deep-fried; consume in moderation.
Regional Specialty,Punjabi Fish Fry with Rice,100,334,17.5,17.8,56.8,3.6,5.1,346,Varies widely,Recipe variants cause large nutritional differences.
Regional Specialty,Rajasthani Shahi Paneer medium,100,377,12.6,15.6,39.0,1.4,12.7,385,Varies widely,Recipe variants cause large nutritional differences.
Regional Specialty,Kerala Stew,100,200,6.6,14.7,17.8,2.7,13.9,521,Varies widely,Recipe variants cause large nutritional differences.
Fruit,Papaya,100,90,0.3,0.4,19.6,1.2,13.4,0,"Vitamin C, Potassium, Dietary Fiber",Fresh fruit; vitamins vary by type.
Regional Specialty,Rajasthani Tawa Fish with Rice,100,430,16.3,5.6,15.1,1.6,4.2,593,Varies widely,Recipe variants cause large nutritional differences.
Regional Specialty,Gujarati Malai Kofta with Roti,100,418,7.6,22.7,53.6,4.0,12.1,311,Varies widely,Recipe variants cause large nutritional differences.
Regional Specialty,Punjabi Aloo Gobi with Roti,100,269,3.5,7.2,24.4,4.8,11.5,547,Varies widely,Recipe variants cause large nutritional differences.
Regional Specialty,Rajasthani Aloo Paratha with Roti,100,307,11.0,23.0,51.5,1.9,16.6,533,Varies widely,Recipe variants cause large nutritional differences.
Regional Specialty,Keralan Aloo Gobi medium,100,299,13.8,16.4,17.6,2.8,13.9,262,Varies widely,Recipe variants cause large nutritional differences.
Rice Dish,Plain White Rice,100,223,2.6,9.0,29.8,2.6,2.7,157,"B-vitamins, Iron (varies), Fibre (if wholegrain)",Values depend on oil/ghee and portion.
Regional Specialty,Punjabi Bhindi Masala with Rice,100,150,12.3,17.3,40.8,3.2,10.0,46,Varies widely,Recipe variants cause large nutritional differences.
Regional Specialty,Rajasthani Chole Bhature with Roti,100,350,4.6,22.7,27.2,4.4,10.3,216,Varies widely,Recipe variants cause large nutritional differences.
Regional Specialty,Punjabi Kadai Paneer with Roti,100,237,6.7,10.0,23.8,5.7,14.6,155,Varies widely,Recipe variants cause large nutritional differences.
Regional Specialty,Gujarati Aloo Paratha with Roti,100,260,3.1,21.9,48.9,5.9,18.3,548,Varies widely,Recipe variants cause large nutritional differences.
Regional Specialty,Bengali Sambar with Rice medium,100,433,12.1,9.1,47.1,4.6,2.8,180,Varies widely,Recipe variants cause large nutritional differences.
Regional Specialty,Gujarati Aloo Paratha small,100,266,14.6,7.3,50.1,1.7,4.2,296,Varies widely,Recipe variants cause large nutritional differences.
Regional Specialty,Rajasthani Kadai Paneer with Rice,100,314,10.0,16.9,25.4,2.5,17.7,517,Varies widely,Recipe variants cause large nutritional differences.
Regional Specialty,Rajasthani Matar Paneer medium,100,131,8.9,20.8,47.3,3.7,1.4,392,Varies widely,Recipe variants cause large nutritional differences.
Sweets/Dessert,Kulfi (Mango),100,486,5.3,10.5,44.5,2.3,41.9,214,Calcium (dairy-based); minimal vitamins otherwise,High sugar and calories.
Regional Specialty,Bengali Aloo Gobi with Roti,100,187,6.7,18.4,51.4,4.7,13.7,541,Varies widely,Recipe variants cause large nutritional differences.
Fruit,Pineapple,100,71,1.0,0.2,16.6,3.1,10.8,0,"Vitamin C, Potassium, Dietary Fiber",Fresh fruit; vitamins vary by type.
Regional Specialty,Bengali Aloo Paratha small,100,399,5.4,12.2,27.3,3.7,13.0,474,Varies widely,Recipe variants cause large nutritional differences.
Regional Specialty,Bengali Shahi Paneer small,100,157,9.8,22.7,32.3,1.0,13.8,367,Varies widely,Recipe variants cause large nutritional differences.
Regional Specialty,Keralan Kadai Paneer with Rice,100,251,14.5,13.2,46.2,4.6,9.5,400,Varies widely,Recipe variants cause large nutritional differences.
Meat/Seafood,Chicken Curry,100,133,19.4,9.9,2.4,0.0,0.0,427,"Protein, B12, Iron (esp. red meat), Omega-3 (seafood)",Good protein source; fat depends on cut & cooking.
Regional Specialty,Punjabi Fish Fry small,100,181,17.2,12.3,57.5,1.4,4.6,237,Varies widely,Recipe variants cause large nutritional differences.
Sweets/Dessert,Ice Cream (Vanilla),100,379,4.6,29.3,46.2,1.6,54.6,188,Calcium (dairy-based); minimal vitamins otherwise,High sugar and calories.
Regional Specialty,Punjabi Chole Bhature small,100,178,8.2,4.6,43.9,3.8,10.8,355,Varies widely,Recipe variants cause large nutritional differences.
Regional Specialty,Keralan Chole Bhature with Roti,100,290,4.2,17.3,55.8,2.2,13.3,441,Varies widely,Recipe variants cause large nutritional differences.
Regional Specialty,Rajasthani Shahi Paneer with Roti,100,202,7.8,18.3,27.3,5.7,18.0,120,Varies widely,Recipe variants cause large nutritional differences.
Regional Specialty,Gujarati Kadai Paneer medium,100,244,13.4,18.2,29.8,1.8,6.8,329,Varies widely,Recipe variants cause large nutritional differences.
Regional Specialty,Bengali Masala Omelette with Rice,100,310,6.9,8.8,52.6,3.1,17.4,112,Varies widely,Recipe variants cause large nutritional differences.
Regional Specialty,Gujarati Baingan Bharta medium,100,215,12.6,11.9,11.5,3.9,4.3,479,Varies widely,Recipe variants cause large nutritional differences.
Regional Specialty,Bengali Kadai Paneer with Roti,100,329,5.2,10.7,47.7,3.1,17.1,347,Varies widely,Recipe variants cause large nutritional differences.
Regional Specialty,Gujarati Sambar with Rice medium,100,374,9.8,10.3,35.0,3.6,7.7,301,Varies widely,Recipe variants cause large nutritional differences.
Regional Specialty,Punjabi Masala Omelette medium,100,283,13.2,18.6,42.8,6.0,5.6,468,Varies widely,Recipe variants cause large nutritional differences.
Snack/Street Food,Keema Pav,100,194,14.7,24.4,25.8,1.8,6.0,665,Varies; often high in fat & sodium,Often deep-fried; consume in moderation.
Regional Specialty,Keralan Fish Fry with Rice,100,257,12.8,13.8,53.2,5.8,13.8,525,Varies widely,Recipe variants cause large nutritional differences.
Regional Specialty,Rajasthani Butter Chicken small,100,243,14.0,16.4,48.6,4.5,7.0,85,Varies widely,Recipe variants cause large nutritional differences.
Regional Specialty,Punjabi Boiled Egg with Roti,100,254,15.5,24.4,27.9,2.8,3.6,548,Varies widely,Recipe variants cause large nutritional differences.
Regional Specialty,Gujarati Butter Chicken small,100,425,11.0,16.5,38.8,4.5,6.2,41,Varies widely,Recipe variants cause large nutritional differences.
Snack/Street Food,Schezwan Chowmein (Indian),100,215,6.3,29.3,33.7,5.7,5.6,102,Varies; often high in fat & sodium,Often deep-fried; consume in moderation.
Regional Specialty,Rajasthani Egg Curry with Rice,100,271,10.5,22.3,34.0,1.0,8.0,469,Varies widely,Recipe variants cause large nutritional differences.
Regional Specialty,Keralan Matar Paneer with Roti,100,329,5.7,5.1,42.1,4.5,19.3,423,Varies widely,Recipe variants cause large nutritional differences.
Regional Specialty,Hyderabadi Tawa Fish small,100,234,13.0,20.7,28.9,4.5,6.2,221,Varies widely,Recipe variants cause large nutritional differences.
Regional Specialty,Rajasthani Aloo Gobi medium,100,120,6.2,3.8,39.7,3.4,9.2,48,Varies widely,Recipe variants cause large nutritional differences.
Regional Specialty,Hyderabadi Sambar with Rice with Roti,100,187,8.8,21.3,31.0,3.5,3.9,522,Varies widely,Recipe variants cause large nutritional differences.
Regional Specialty,Rajasthani Baingan Bharta medium,100,436,5.6,17.5,50.0,5.6,12.0,177,Varies widely,Recipe variants cause large nutritional differences.
Regional Specialty,Punjabi Kadai Paneer medium,100,154,4.5,2.8,39.9,4.4,1.4,85,Varies widely,Recipe variants cause large nutritional differences.
Regional Specialty,Rajasthani Matar Paneer with Roti,100,346,4.7,6.7,39.2,1.0,10.5,96,Varies widely,Recipe variants cause large nutritional differences.
Regional Specialty,Hyderabadi Aloo Gobi medium,100,263,12.0,5.9,59.0,2.1,11.7,566,Varies widely,Recipe variants cause large nutritional differences.
Regional Specialty,Hyderabadi Baingan Bharta with Roti,100,157,9.7,15.8,39.1,3.4,18.5,468,Varies widely,Recipe variants cause large nutritional differences.
Regional Specialty,Malabar Parotta,100,269,3.5,8.6,24.1,5.2,1.9,279,Varies widely,Recipe variants cause large nutritional differences.
Regional Specialty,Keralan Paneer Butter Masala small,100,293,8.3,6.2,17.2,4.1,1.9,71,Varies widely,Recipe variants cause large nutritional differences.
Regional Specialty,Rajasthani Kadai Paneer with Roti,100,170,15.0,18.6,48.1,2.3,4.5,360,Varies widely,Recipe variants cause large nutritional differences.
Regional Specialty,Punjabi Egg Curry medium,100,417,4.4,5.1,51.0,0.9,11.6,485,Varies widely,Recipe variants cause large nutritional differences.
Regional Specialty,Rajasthani Bhindi Masala with Rice,100,304,4.6,2.1,25.4,2.5,5.8,175,Varies widely,Recipe variants cause large nutritional differences.
Regional Specialty,Bengali Masala Omelette medium,100,193,7.7,18.5,48.9,3.2,12.8,221,Varies widely,Recipe variants cause large nutritional differences.
Regional Specialty,Punjabi Aloo Gobi with Rice,100,371,9.2,21.3,34.4,1.0,1.1,265,Varies widely,Recipe variants cause large nutritional differences.
Regional Specialty,Hyderabadi Shahi Paneer with Rice,100,158,13.1,11.3,35.7,4.6,3.6,71,Varies widely,Recipe variants cause large nutritional differences.
Regional Specialty,Rajasthani Masala Omelette medium,100,129,6.4,18.7,16.6,4.5,12.0,213,Varies widely,Recipe variants cause large nutritional differences.
Regional Specialty,Keralan Kadai Paneer with Roti,100,206,5.1,14.6,19.2,5.4,19.8,100,Varies widely,Recipe variants cause large nutritional differences.
Regional Specialty,Hyderabadi Paneer Butter Masala medium,100,396,6.8,6.0,43.1,0.6,0.8,283,Varies widely,Recipe variants cause large nutritional differences.
Regional Specialty,Punjabi Aloo Paratha medium,100,293,12.3,11.1,14.0,2.3,13.6,586,Varies widely,Recipe variants cause large nutritional differences.
Regional Specialty,Rajasthani Chole Bhature with Rice,100,350,16.6,15.1,19.4,3.8,10.3,103,Varies widely,Recipe variants cause large nutritional differences.
Regional Specialty,Hyderabadi Malai Kofta with Roti,100,266,11.1,21.5,31.5,5.4,14.7,452,Varies widely,Recipe variants cause large nutritional differences.
Regional Specialty,Punjabi Shahi Paneer medium,100,348,3.6,22.0,27.6,6.0,5.9,98,Varies widely,Recipe variants cause large nutritional differences.
Regional Specialty,Mangalore Fish Curry,100,424,14.2,15.1,24.4,1.2,13.9,452,Varies widely,Recipe variants cause large nutritional differences.
Salad/Side,Pickle (Mango),100,70,1.7,2.7,13.7,5.2,3.6,365,Varies,
Regional Specialty,Gujarati Baingan Bharta with Rice,100,344,13.8,12.4,13.4,0.7,14.4,63,Varies widely,Recipe variants cause large nutritional differences.
Regional Specialty,Rajasthani Butter Chicken medium,100,300,11.2,20.7,18.8,4.8,9.6,530,Varies widely,Recipe variants cause large nutritional differences.
Regional Specialty,Keralan Egg Curry with Rice,100,149,15.1,12.8,27.9,3.7,5.0,203,Varies widely,Recipe variants cause large nutritional differences.
Regional Specialty,Keralan Bhindi Masala medium,100,345,8.0,20.8,53.0,5.9,3.2,368,Varies widely,Recipe variants cause large nutritional differences.
Snack/Street Food,Bombay Sandwich,100,435,14.2,15.9,46.7,3.1,5.3,583,Varies; often high in fat & sodium,Often deep-fried; consume in moderation.
Regional Specialty,Bengali Matar Paneer with Rice,100,410,13.1,6.4,40.5,4.0,8.4,477,Varies widely,Recipe variants cause large nutritional differences.
Regional Specialty,Hyderabadi Egg Curry medium,100,351,7.6,8.1,16.0,1.4,13.9,81,Varies widely,Recipe variants cause large nutritional differences.
Regional Specialty,Hyderabadi Biryani,100,153,9.0,3.7,41.5,0.8,3.4,351,Varies widely,Recipe variants cause large nutritional differences.
Regional Specialty,Bengali Aloo Gobi medium,100,326,10.7,8.4,56.8,2.5,19.0,375,Varies widely,Recipe variants cause large nutritional differences.
Regional Specialty,Bengali Bhindi Masala medium,100,316,14.3,5.2,59.4,4.5,10.3,394,Varies widely,Recipe variants cause large nutritional differences.
Regional Specialty,Punjabi Aloo Paratha with Rice,100,317,17.8,20.2,42.6,1.3,19.3,169,Varies widely,Recipe variants cause large nutritional differences.
Regional Specialty,Hyderabadi Aloo Gobi with Rice,100,272,16.1,2.7,23.1,5.2,2.2,160,Varies widely,Recipe variants cause large nutritional differences.
Rice Dish,Pulao,100,187,2.6,2.0,42.1,1.5,2.6,233,"B-vitamins, Iron (varies), Fibre (if wholegrain)",Values depend on oil/ghee and portion.
Regional Specialty,Gujarati Fish Fry with Rice,100,273,17.6,12.2,51.3,2.0,8.6,131,Varies widely,Recipe variants cause large nutritional differences.
Sweets/Dessert,Jalebi,100,370,7.4,11.4,38.0,0.3,28.6,141,Calcium (dairy-based); minimal vitamins otherwise,High sugar and calories.
Regional Specialty,Hyderabadi Matar Paneer small,100,388,10.4,23.6,52.6,3.1,4.3,155,Varies widely,Recipe variants cause large nutritional differences.
Fruit,Apple,100,69,1.1,0.5,11.7,2.8,11.7,0,"Vitamin C, Potassium, Dietary Fiber",Fresh fruit; vitamins vary by type.
Regional Specialty,Gujarati Shahi Paneer with Roti,100,304,11.3,10.5,50.2,3.5,12.4,128,Varies widely,Recipe variants cause large nutritional differences.
Regional Specialty,Hyderabadi Chole Bhature with Roti,100,237,10.5,21.2,50.3,0.9,17.3,83,Varies widely,Recipe variants cause large nutritional differences.
Regional Specialty,Punjabi Sambar with Rice small,100,133,15.7,17.1,25.1,3.3,10.4,441,Varies widely,Recipe variants cause large nutritional differences.
Regional Specialty,Punjabi Paneer Butter Masala small,100,231,9.7,23.9,52.8,1.0,13.9,597,Varies widely,Recipe variants cause large nutritional differences.
Breakfast/Tiffin,Bread Omelette,100,180,4.9,8.5,36.8,4.2,2.0,85,"B-vitamins, Iron (varies), Fibre (if wholegrain)",Values depend on oil/ghee and portion.
Bread/Roti,Missi Roti,100,271,10.0,4.9,35.7,3.3,0.8,388,"B-vitamins, Iron (varies), Fibre (if wholegrain)",Values depend on oil/ghee and portion.
Breakfast/Tiffin,Masoor Dal,100,221,5.2,8.1,23.4,1.5,5.6,140,"B-vitamins, Iron (varies), Fibre (if wholegrain)",Values depend on oil/ghee and portion.
Regional Specialty,Gujarati Paneer Butter Masala with Roti,100,270,9.8,15.9,15.0,4.4,17.1,260,Varies widely,Recipe variants cause large nutritional differences.
Regional Specialty,Bengali Aloo Paratha with Roti,100,238,9.9,7.8,22.8,0.6,16.2,334,Varies widely,Recipe variants cause large nutritional differences.
Regional Specialty,Rajasthani Sambar with Rice small,100,403,15.0,18.4,42.8,1.7,5.3,367,Varies widely,Recipe variants cause large nutritional differences.
Regional Specialty,Hyderabadi Baingan Bharta with Rice,100,375,5.1,9.0,22.6,1.3,8.8,426,Varies widely,Recipe variants cause large nutritional differences.
Regional Specialty,Rajasthani Butter Chicken with Rice,100,154,17.3,14.5,49.3,3.3,0.9,521,Varies widely,Recipe variants cause large nutritional differences.
Fruit,Grapes,100,84,1.4,0.4,17.3,1.6,8.1,3,"Vitamin C, Potassium, Dietary Fiber",Fresh fruit; vitamins vary by type.
Snack/Street Food,Medu Vada,100,263,14.7,29.9,54.7,1.1,7.6,440,Varies; often high in fat & sodium,Often deep-fried; consume in moderation.
Regional Specialty,Bengali Shahi Paneer medium,100,297,13.6,14.6,24.5,2.1,3.6,218,Varies widely,Recipe variants cause large nutritional differences.
Regional Specialty,Gujarati Aloo Gobi with Roti,100,152,14.9,11.1,58.4,5.0,10.1,370,Varies widely,Recipe variants cause large nutritional differences.
Regional Specialty,Punjabi Baingan Bharta small,100,306,4.7,15.0,39.6,3.5,13.8,67,Varies widely,Recipe variants cause large nutritional differences.
Regional Specialty,Keralan Aloo Gobi with Roti,100,165,14.0,4.4,25.7,5.3,3.2,176,Varies widely,Recipe variants cause large nutritional differences.
Regional Specialty,Keralan Paneer Butter Masala with Roti,100,431,16.9,21.1,23.4,1.5,14.2,356,Varies widely,Recipe variants cause large nutritional differences.
Rice Dish,Lemon Rice,100,145,2.4,2.9,30.6,3.8,3.6,275,"B-vitamins, Iron (varies), Fibre (if wholegrain)",Values depend on oil/ghee and portion.
Regional Specialty,Bengali Tawa Fish with Roti,100,192,8.0,3.8,27.3,2.3,12.9,130,Varies widely,Recipe variants cause large nutritional differences.
Regional Specialty,Hyderabadi Sambar with Rice small,100,157,3.3,3.6,23.1,0.7,1.7,447,Varies widely,Recipe variants cause large nutritional differences.
Regional Specialty,Punjabi Butter Chicken with Roti,100,379,14.6,21.2,54.2,0.7,7.1,174,Varies widely,Recipe variants cause large nutritional differences.
Regional Specialty,Hyderabadi Matar Paneer with Roti,100,139,3.1,15.1,15.4,5.9,6.0,596,Varies widely,Recipe variants cause large nutritional differences.
Regional Specialty,Bengali Baingan Bharta with Roti,100,405,11.7,15.2,32.3,2.7,15.6,552,Varies widely,Recipe variants cause large nutritional differences.
Regional Specialty,Punjabi Malai Kofta with Roti,100,182,7.0,7.7,14.8,2.1,8.0,468,Varies widely,Recipe variants cause large nutritional differences.
Regional Specialty,Bengali Egg Curry with Rice,100,230,15.5,9.5,14.6,1.9,7.4,565,Varies widely,Recipe variants cause large nutritional differences.
Breakfast/Tiffin,Upma,100,186,3.9,6.9,22.1,2.7,2.9,61,"B-vitamins, Iron (varies), Fibre (if wholegrain)",Values depend on oil/ghee and portion.
Regional Specialty,Punjabi Malai Kofta medium,100,201,10.5,13.8,34.9,2.2,1.0,442,Varies widely,Recipe variants cause large nutritional differences.
Regional Specialty,Keralan Tawa Fish small,100,235,15.6,15.0,17.6,4.3,2.4,392,Varies widely,Recipe variants cause large nutritional differences.
Meat/Seafood,Mutton Curry,100,294,17.9,5.0,5.4,0.0,0.0,239,"Protein, B12, Iron (esp. red meat), Omega-3 (seafood)",Good protein source; fat depends on cut & cooking.
Regional Specialty,Keralan Butter Chicken with Roti,100,142,14.9,22.4,25.8,2.2,8.3,596,Varies widely,Recipe variants cause large nutritional differences.
Regional Specialty,Keralan Egg Curry medium,100,241,11.9,20.5,44.9,5.5,1.1,400,Varies widely,Recipe variants cause large nutritional differences.
Regional Specialty,Bengali Butter Chicken with Rice,100,343,4.4,22.9,50.8,5.4,18.6,464,Varies widely,Recipe variants cause large nutritional differences.
Regional Specialty,Rajasthani Egg Curry small,100,315,14.7,10.3,37.2,3.2,18.3,554,Varies widely,Recipe variants cause large nutritional differences.
Regional Specialty,Gujarati Paneer Butter Masala small,100,340,9.8,7.3,26.9,3.0,8.6,137,Varies widely,Recipe variants cause large nutritional differences.
Meat/Seafood,Grilled Chicken (Tandoori),100,231,23.3,8.8,10.0,0.0,0.0,388,"Protein, B12, Iron (esp. red meat), Omega-3 (seafood)",Good protein source; fat depends on cut & cooking.
Regional Specialty,Gujarati Matar Paneer medium,100,425,16.1,3.9,32.3,4.4,2.0,154,Varies widely,Recipe variants cause large nutritional differences.
Regional Specialty,Bengali Butter Chicken small,100,170,15.6,16.9,49.6,1.3,6.1,523,Varies widely,Recipe variants cause large nutritional differences.
Snack/Street Food,Bhel Puri,100,395,11.0,18.2,48.7,1.9,6.1,515,Varies; often high in fat & sodium,Often deep-fried; consume in moderation.
Rice Dish,Egg Fried Rice,100,187,2.8,5.0,48.2,2.5,0.9,291,"B-vitamins, Iron (varies), Fibre (if wholegrain)",Values depend on oil/ghee and portion.
Bread/Roti,Naan,100,212,6.3,8.0,55.1,7.8,4.7,260,"B-vitamins, Iron (varies), Fibre (if wholegrain)",Values depend on oil/ghee and portion.
Regional Specialty,Gujarati Malai Kofta small,100,416,11.7,18.6,39.2,1.4,12.8,429,Varies widely,Recipe variants cause large nutritional differences.
Regional Specialty,Punjabi Bhindi Masala small,100,377,15.2,17.5,50.3,5.5,2.6,138,Varies widely,Recipe variants cause large nutritional differences.
Regional Specialty,Rajasthani Chole Bhature medium,100,264,8.8,19.8,43.9,0.8,12.8,382,Varies widely,Recipe variants cause large nutritional differences.
Regional Specialty,Keralan Tawa Fish with Rice,100,277,14.8,12.8,54.7,2.0,13.0,436,Varies widely,Recipe variants cause large nutritional differences.
Breakfast/Tiffin,Moong Dal,100,160,5.5,8.3,27.1,4.6,7.2,197,"B-vitamins, Iron (varies), Fibre (if wholegrain)",Values depend on oil/ghee and portion.
Regional Specialty,Bengali Sambar with Rice with Rice,100,395,12.2,8.4,25.5,3.3,4.5,199,Varies widely,Recipe variants cause large nutritional differences.
Regional Specialty,Punjabi Shahi Paneer with Roti,100,337,4.2,15.9,51.1,3.5,6.8,121,Varies widely,Recipe variants cause large nutritional differences.
Regional Specialty,Hyderabadi Malai Kofta medium,100,378,9.8,14.6,51.3,3.9,12.4,171,Varies widely,Recipe variants cause large nutritional differences.
Regional Specialty,Hyderabadi Aloo Gobi with Roti,100,241,6.1,19.0,44.5,5.2,12.4,478,Varies widely,Recipe variants cause large nutritional differences.
Regional Specialty,Bengali Matar Paneer medium,100,253,12.8,17.9,13.1,1.2,6.5,455,Varies widely,Recipe variants cause large nutritional differences.
Regional Specialty,Hyderabadi Paneer Butter Masala with Roti,100,184,14.8,6.7,51.5,3.5,11.9,278,Varies widely,Recipe variants cause large nutritional differences.
Regional Specialty,Rajasthani Aloo Gobi small,100,146,8.9,9.0,45.0,1.8,13.3,137,Varies widely,Recipe variants cause large nutritional differences.
Regional Specialty,Keralan Egg Curry with Roti,100,171,6.7,7.5,36.7,4.9,14.9,264,Varies widely,Recipe variants cause large nutritional differences.
Regional Specialty,Hyderabadi Aloo Paratha with Roti,100,240,12.5,23.2,59.9,4.6,9.0,140,Varies widely,Recipe variants cause large nutritional differences.
Snack/Street Food,Pav Bhaji (Snack),100,460,13.0,16.2,24.5,4.9,6.5,429,Varies; often high in fat & sodium,Often deep-fried; consume in moderation.
Regional Specialty,Punjabi Aloo Paratha small,100,127,13.8,11.4,42.7,1.3,9.7,311,Varies widely,Recipe variants cause large nutritional differences.
Snack/Street Food,Chicken Roll,100,304,8.5,11.9,23.6,4.0,7.7,239,Varies; often high in fat & sodium,Often deep-fried; consume in moderation.
Regional Specialty,Hyderabadi Masala Omelette small,100,405,5.7,4.2,16.4,1.9,16.3,227,Varies widely,Recipe variants cause large nutritional differences.
Breakfast/Tiffin,Besan Chilla,100,193,4.5,6.6,30.8,4.5,5.8,68,"B-vitamins, Iron (varies), Fibre (if wholegrain)",Values depend on oil/ghee and portion.
Regional Specialty,Punjabi Bhindi Masala with Roti,100,392,11.3,2.3,36.5,2.0,19.6,57,Varies widely,Recipe variants cause large nutritional differences.
Regional Specialty,Rajasthani Fish Fry with Rice,100,145,16.8,18.2,23.7,5.0,10.3,166,Varies widely,Recipe variants cause large nutritional differences.
Sweets/Dessert,Rasgulla,100,336,7.3,12.8,56.6,1.9,23.3,212,Calcium (dairy-based); minimal vitamins otherwise,High sugar and calories.
Regional Specialty,Keralan Matar Paneer medium,100,188,12.8,10.0,18.9,3.5,10.8,268,Varies widely,Recipe variants cause large nutritional differences.
Breakfast/Tiffin,Semolina Rava Dosa,100,156,12.0,3.8,25.8,4.8,7.0,89,"B-vitamins, Iron (varies), Fibre (if wholegrain)",Values depend on oil/ghee and portion.
Regional Specialty,Keralan Aloo Paratha medium,100,139,7.6,13.3,14.9,5.4,3.1,504,Varies widely,Recipe variants cause large nutritional differences.
Rice Dish,Jeera Rice,100,196,4.3,9.4,57.4,0.5,2.7,194,"B-vitamins, Iron (varies), Fibre (if wholegrain)",Values depend on oil/ghee and portion.
Regional Specialty,Hyderabadi Aloo Gobi small,100,204,12.2,20.1,50.7,4.9,11.6,585,Varies widely,Recipe variants cause large nutritional differences.
Regional Specialty,Bengali Fish Fry small,100,145,14.2,23.2,54.9,0.6,16.4,350,Varies widely,Recipe variants cause large nutritional differences.
Regional Specialty,Keralan Sambar with Rice medium,100,245,5.3,23.4,11.2,3.5,12.9,49,Varies widely,Recipe variants cause large nutritional differences.
Regional Specialty,Bengali Butter Chicken medium,100,191,14.4,12.8,40.8,5.5,0.9,260,Varies widely,Recipe variants cause large nutritional differences.
Regional Specialty,Gujarati Sambar with Rice with Rice,100,125,5.5,23.9,36.2,4.8,14.6,210,Varies widely,Recipe variants cause large nutritional differences.
Regional Specialty,Punjabi Matar Paneer small,100,363,10.2,6.6,58.2,2.3,13.1,131,Varies widely,Recipe variants cause large nutritional differences.
Regional Specialty,Bengali Tawa Fish with Rice,100,213,12.0,23.2,58.4,1.7,11.5,548,Varies widely,Recipe variants cause large nutritional differences.
Regional Specialty,Hyderabadi Tawa Fish with Rice,100,157,8.6,23.7,29.8,1.1,6.4,179,Varies widely,Recipe variants cause large nutritional differences.
Regional Specialty,Gujarati Bhindi Masala with Rice,100,147,4.5,7.3,13.8,3.8,12.5,446,Varies widely,Recipe variants cause large nutritional differences.
Regional Specialty,Hyderabadi Shahi Paneer medium,100,347,14.4,15.2,36.5,2.7,13.2,295,Varies widely,Recipe variants cause large nutritional differences.
Regional Specialty,Punjabi Butter Chicken small,100,425,8.7,5.7,51.6,4.7,16.3,209,Varies widely,Recipe variants cause large nutritional differences.
Regional Specialty,Hyderabadi Butter Chicken medium,100,384,15.8,8.6,48.2,2.0,18.2,190,Varies widely,Recipe variants cause large nutritional differences.
Regional Specialty,Rajasthani Matar Paneer small,100,352,5.0,11.6,38.2,3.6,13.6,355,Varies widely,Recipe variants cause large nutritional differences.
Regional Specialty,Hyderabadi Fish Fry medium,100,174,11.4,4.3,24.3,3.4,7.2,460,Varies widely,Recipe variants cause large nutritional differences.
Regional Specialty,Keralan Shahi Paneer small,100,448,17.3,13.1,50.2,4.3,6.3,114,Varies widely,Recipe variants cause large nutritional differences.
Regional Specialty,Rajasthani Masala Omelette small,100,295,17.9,13.3,47.5,1.4,18.2,453,Varies widely,Recipe variants cause large nutritional differences.
Regional Specialty,Bengali Fish Fry with Rice,100,255,8.7,13.2,40.4,0.7,5.9,187,Varies widely,Recipe variants cause large nutritional differences.
Regional Specialty,Punjabi Kadai Paneer small,100,136,15.1,11.6,48.3,5.4,0.8,251,Varies widely,Recipe variants cause large nutritional differences.
Regional Specialty,Punjabi Baingan Bharta with Roti,100,444,10.4,15.2,22.1,2.6,16.4,442,Varies widely,Recipe variants cause large nutritional differences.
Regional Specialty,Rajasthani Malai Kofta with Rice,100,280,9.3,11.5,20.2,3.3,12.4,522,Varies widely,Recipe variants cause large nutritional differences.
Regional Specialty,Keralan Chole Bhature with Rice,100,153,7.9,14.8,29.3,1.9,17.1,193,Varies widely,Recipe variants cause large nutritional differences.
Regional Specialty,Hyderabadi Paneer Butter Masala with Rice,100,166,12.9,16.8,39.9,0.6,15.8,289,Varies widely,Recipe variants cause large nutritional differences.
Rice Dish,Bisi Bele Bath,100,255,2.0,8.4,32.0,2.8,3.8,84,"B-vitamins, Iron (varies), Fibre (if wholegrain)",Values depend on oil/ghee and portion.
Regional Specialty,Gujarati Butter Chicken with Rice,100,196,11.2,18.7,36.4,1.1,6.1,348,Varies widely,Recipe variants cause large nutritional differences.
Regional Specialty,Hyderabadi Sambar with Rice with Rice,100,375,12.6,3.6,54.4,0.6,7.5,364,Varies widely,Recipe variants cause large nutritional differences.
Regional Specialty,Bengali Chole Bhature with Roti,100,293,6.3,19.9,13.8,4.0,10.8,238,Varies widely,Recipe variants cause large nutritional differences.
Regional Specialty,Bengali Kadai Paneer with Rice,100,144,17.6,23.7,43.6,4.8,6.7,466,Varies widely,Recipe variants cause large nutritional differences.
Regional Specialty,Hyderabadi Malai Kofta small,100,307,3.7,3.2,38.1,2.5,6.1,435,Varies widely,Recipe variants cause large nutritional differences.
Meat/Seafood,Prawn Fry,100,273,28.0,11.3,8.7,0.0,0.0,341,"Protein, B12, Iron (esp. red meat), Omega-3 (seafood)",Good protein source; fat depends on cut & cooking.
Snack/Street Food,Paneer Pakora,100,375,13.5,31.2,25.0,5.1,5.1,412,Varies; often high in fat & sodium,Often deep-fried; consume in moderation.
Regional Specialty,Rajasthani Aloo Gobi with Rice,100,353,3.0,24.0,20.1,4.3,3.1,349,Varies widely,Recipe variants cause large nutritional differences.
Breakfast/Tiffin,Dosa,100,239,3.8,7.5,12.8,2.1,4.5,56,"B-vitamins, Iron (varies), Fibre (if wholegrain)",Values depend on oil/ghee and portion.
Regional Specialty,Gujarati Tawa Fish medium,100,293,11.9,16.1,34.1,0.7,18.9,208,Varies widely,Recipe variants cause large nutritional differences.
Regional Specialty,Gujarati Masala Omelette with Rice,100,280,12.5,2.1,23.7,4.7,3.8,202,Varies widely,Recipe variants cause large nutritional differences.
Snack/Street Food,Samosa,100,366,13.8,29.5,53.7,5.5,2.9,355,Varies; often high in fat & sodium,Often deep-fried; consume in moderation.
Regional Specialty,Keralan Sambar with Rice small,100,357,8.5,24.4,59.9,4.8,14.8,599,Varies widely,Recipe variants cause large nutritional differences.
Beverage,Buttermilk (Chaas),100,169,2.6,6.9,6.3,0.0,6.5,83,Varies (fruit drinks have vitamin C); caffeine in tea/coffee,Watch added sugar.
Regional Specialty,Punjabi Butter Chicken with Rice,100,294,17.2,13.2,21.3,1.3,2.0,143,Varies widely,Recipe variants cause large nutritional differences.
Bread/Roti,Lachha Paratha,100,249,7.6,6.7,43.7,4.5,4.8,400,"B-vitamins, Iron (varies), Fibre (if wholegrain)",Values depend on oil/ghee and portion.
Regional Specialty,Bengali Egg Curry with Roti,100,145,13.2,8.0,59.5,0.7,8.4,503,Varies widely,Recipe variants cause large nutritional differences.
Regional Specialty,Bengali Malai Kofta small,100,385,9.9,15.9,35.8,2.3,12.5,206,Varies widely,Recipe variants cause large nutritional differences.
Regional Specialty,Hyderabadi Egg Curry small,100,199,4.6,12.3,25.7,1.2,7.5,252,Varies widely,Recipe variants cause large nutritional differences.
Regional Specialty,Punjabi Masala Omelette with Rice,100,407,12.7,16.0,24.9,1.1,1.7,323,Varies widely,Recipe variants cause large nutritional differences.
Regional Specialty,Rajasthani Baingan Bharta with Roti,100,394,5.8,9.5,32.9,1.9,17.3,580,Varies widely,Recipe variants cause large nutritional differences.
Fruit,Custard Apple,100,85,0.5,0.2,17.3,3.0,13.0,4,"Vitamin C, Potassium, Dietary Fiber",Fresh fruit; vitamins vary by type.
Regional Specialty,Gujarati Bhindi Masala small,100,341,5.8,15.5,29.0,4.7,6.3,292,Varies widely,Recipe variants cause large nutritional differences.
Regional Specialty,Punjabi Masala Omelette small,100,196,10.8,7.5,12.8,5.2,16.3,453,Varies widely,Recipe variants cause large nutritional differences.
Snack/Street Food,Pakora (Mixed Veg),100,390,12.6,31.3,51.5,2.3,8.1,210,Varies; often high in fat & sodium,Often deep-fried; consume in moderation.
Regional Specialty,Keralan Bhindi Masala with Rice,100,206,5.1,8.9,34.7,0.8,9.0,471,Varies widely,Recipe variants cause large nutritional differences.
Regional Specialty,Bengali Malai Kofta medium,100,321,17.9,19.0,25.0,2.4,16.7,585,Varies widely,Recipe variants cause large nutritional differences.
Regional Specialty,Gujarati Shahi Paneer with Rice,100,305,10.6,4.8,20.0,1.3,15.9,66,Varies widely,Recipe variants cause large nutritional differences.
Breakfast/Tiffin,Vegetable Sandwich,100,163,9.7,9.0,32.9,3.1,5.1,142,"B-vitamins, Iron (varies), Fibre (if wholegrain)",Values depend on oil/ghee and portion.
Regional Specialty,Gujarati Kadai Paneer small,100,275,17.4,2.4,56.9,5.8,2.8,530,Varies widely,Recipe variants cause large nutritional differences.
Fruit,Guava,100,55,0.4,0.5,22.6,2.8,6.6,4,"Vitamin C, Potassium, Dietary Fiber",Fresh fruit; vitamins vary by type.
Regional Specialty,Gujarati Aloo Gobi small,100,265,8.1,15.3,38.3,3.2,7.2,89,Varies widely,Recipe variants cause large nutritional differences.
Regional Specialty,Keralan Malai Kofta with Rice,100,267,13.6,17.9,34.5,3.1,11.4,320,Varies widely,Recipe variants cause large nutritional differences.
Regional Specialty,Bengali Paneer Butter Masala with Roti,100,363,9.7,10.3,39.7,3.0,4.8,84,Varies widely,Recipe variants cause large nutritional differences.
Regional Specialty,Punjabi Bhindi Masala medium,100,388,5.2,6.4,36.3,5.0,5.7,446,Varies widely,Recipe variants cause large nutritional differences.
Regional Specialty,Keralan Masala Omelette with Roti,100,439,3.7,24.9,43.1,4.1,0.9,158,Varies widely,Recipe variants cause large nutritional differences.
Regional Specialty,Punjabi Aloo Paratha with Roti,100,377,17.5,9.6,15.0,5.1,2.4,507,Varies widely,Recipe variants cause large nutritional differences.
Regional Specialty,Hyderabadi Kadai Paneer with Roti,100,239,15.2,18.8,25.9,3.8,13.6,368,Varies widely,Recipe variants cause large nutritional differences.
Regional Specialty,Bengali Masala Omelette small,100,197,5.1,6.6,30.5,3.6,18.2,508,Varies widely,Recipe variants cause large nutritional differences.
Regional Specialty,Rajasthani Kadai Paneer small,100,331,3.7,21.9,47.1,0.6,11.3,467,Varies widely,Recipe variants cause large nutritional differences.
Regional Specialty,Gujarati Shahi Paneer small,100,153,7.6,25.0,45.9,3.4,15.5,115,Varies widely,Recipe variants cause large nutritional differences.
Snack/Street Food,Batata Vada,100,296,5.7,25.8,32.9,2.4,1.6,385,Varies; often high in fat & sodium,Often deep-fried; consume in moderation.
Regional Specialty,Gujarati Baingan Bharta small,100,402,5.4,14.9,57.9,1.8,8.4,228,Varies widely,Recipe variants cause large nutritional differences.
Snack/Street Food,Kachori,100,232,7.2,23.1,54.4,5.9,7.7,342,Varies; often high in fat & sodium,Often deep-fried; consume in moderation.
Regional Specialty,Bengali Fish Fry medium,100,279,7.2,13.3,44.8,1.0,17.4,177,Varies widely,Recipe variants cause large nutritional differences.
Regional Specialty,Rajasthani Paneer Butter Masala with Roti,100,420,17.3,14.9,43.5,2.8,17.5,473,Varies widely,Recipe variants cause large nutritional differences.
Regional Specialty,Punjabi Tawa Fish with Rice,100,410,11.5,15.0,19.4,5.9,17.7,544,Varies widely,Recipe variants cause large nutritional differences.
Regional Specialty,Bengali Chole Bhature with Rice,100,165,9.6,4.4,31.8,2.7,2.0,357,Varies widely,Recipe variants cause large nutritional differences.
Regional Specialty,Punjabi Boiled Egg with Rice,100,173,10.7,16.2,24.1,4.8,10.2,244,Varies widely,Recipe variants cause large nutritional differences.
Regional Specialty,Rajasthani Tawa Fish small,100,198,3.8,2.1,14.4,5.0,12.7,531,Varies widely,Recipe variants cause large nutritional differences.
Regional Specialty,Hyderabadi Chole Bhature small,100,343,3.3,23.2,53.1,3.7,11.7,467,Varies widely,Recipe variants cause large nutritional differences.
Regional Specialty,Hyderabadi Fish Fry small,100,334,4.7,5.4,38.3,3.7,19.3,142,Varies widely,Recipe variants cause large nutritional differences.
Regional Specialty,Gujarati Paneer Butter Masala with Rice,100,184,7.1,16.6,37.4,2.3,19.9,583,Varies widely,Recipe variants cause large nutritional differences.
Snack/Street Food,Vada Pav,100,180,9.2,29.8,45.9,5.7,7.6,301,Varies; often high in fat & sodium,Often deep-fried; consume in moderation.
Regional Specialty,Hyderabadi Fish Fry with Roti,100,402,7.9,8.4,32.9,5.3,15.8,575,Varies widely,Recipe variants cause large nutritional differences.
Rice Dish,Curd Rice,100,158,4.7,8.5,43.3,1.0,0.9,128,"B-vitamins, Iron (varies), Fibre (if wholegrain)",Values depend on oil/ghee and portion.
Regional Specialty,Rajasthani Bhindi Masala medium,100,163,13.9,14.9,59.6,1.8,10.7,429,Varies widely,Recipe variants cause large nutritional differences.
Regional Specialty,Hyderabadi Shahi Paneer small,100,305,8.7,15.0,40.3,4.2,19.0,420,Varies widely,Recipe variants cause large nutritional differences.
Regional Specialty,Keralan Shahi Paneer medium,100,150,5.4,11.6,33.2,2.4,3.3,366,Varies widely,Recipe variants cause large nutritional differences.
Breakfast/Tiffin,Paneer Bhurji,100,178,5.2,5.1,27.9,1.4,6.1,258,"B-vitamins, Iron (varies), Fibre (if wholegrain)",Values depend on oil/ghee and portion.
Regional Specialty,Gujarati Kadai Paneer with Rice,100,394,13.9,6.4,23.4,4.2,12.3,114,Varies widely,Recipe variants cause large nutritional differences.
Regional Specialty,Gujarati Tawa Fish small,100,157,8.1,22.4,18.0,0.9,18.9,135,Varies widely,Recipe variants cause large nutritional differences.
Regional Specialty,Punjabi Paneer Butter Masala medium,100,450,8.4,11.2,19.5,1.2,17.0,505,Varies widely,Recipe variants cause large nutritional differences.
Regional Specialty,Keralan Malai Kofta medium,100,229,6.0,14.4,56.7,4.3,3.2,285,Varies widely,Recipe variants cause large nutritional differences.
Regional Specialty,Keralan Egg Curry small,100,414,15.7,20.3,27.7,5.1,17.0,220,Varies widely,Recipe variants cause large nutritional differences.
Regional Specialty,Bengali Chole Bhature small,100,298,8.3,24.0,42.3,1.3,2.5,302,Varies widely,Recipe variants cause large nutritional differences.
Regional Specialty,Gujarati Aloo Gobi with Rice,100,417,3.0,19.8,46.6,4.5,9.4,406,Varies widely,Recipe variants cause large nutritional differences.
Regional Specialty,Rajasthani Matar Paneer with Rice,100,151,15.4,22.8,20.1,3.5,3.7,572,Varies widely,Recipe variants cause large nutritional differences.
Regional Specialty,Rajasthani Sambar with Rice with Rice,100,172,16.4,17.5,15.8,4.6,0.6,52,Varies widely,Recipe variants cause large nutritional differences.
Regional Specialty,Keralan Fish Fry small,100,449,7.1,22.6,52.6,3.0,4.8,349,Varies widely,Recipe variants cause large nutritional differences.
Regional Specialty,Rajasthani Bhindi Masala small,100,403,4.4,15.8,26.2,2.6,6.2,437,Varies widely,Recipe variants cause large nutritional differences.
Regional Specialty,Hyderabadi Malai Kofta with Rice,100,378,9.9,7.5,39.2,0.8,6.0,521,Varies widely,Recipe variants cause large nutritional differences.
Regional Specialty,Hyderabadi Kadai Paneer medium,100,405,17.2,22.2,55.6,3.9,8.8,547,Varies widely,Recipe variants cause large nutritional differences.
Regional Specialty,Rajasthani Aloo Paratha with Rice,100,187,4.4,8.8,47.4,1.5,3.1,592,Varies widely,Recipe variants cause large nutritional differences.
Snack/Street Food,Aloo Tikki,100,324,11.7,30.6,41.1,4.3,8.8,557,Varies; often high in fat & sodium,Often deep-fried; consume in moderation.
Regional Specialty,Rajasthani Aloo Paratha small,100,271,14.2,9.8,15.8,5.8,3.2,271,Varies widely,Recipe variants cause large nutritional differences.
Regional Specialty,Bengali Baingan Bharta small,100,197,8.2,2.6,15.2,2.8,19.3,158,Varies widely,Recipe variants cause large nutritional differences.
Meat/Seafood,Chicken Tikka,100,200,25.5,7.6,2.5,0.0,0.0,173,"Protein, B12, Iron (esp. red meat), Omega-3 (seafood)",Good protein source; fat depends on cut & cooking.
Regional Specialty,Keralan Baingan Bharta medium,100,124,10.3,6.5,29.2,3.6,13.2,458,Varies widely,Recipe variants cause large nutritional differences.
Fruit,Orange,100,98,1.4,0.3,20.4,1.2,14.0,5,"Vitamin C, Potassium, Dietary Fiber",Fresh fruit; vitamins vary by type.
Regional Specialty,Gujarati Tawa Fish with Roti,100,203,9.8,20.4,11.7,0.6,5.6,147,Varies widely,Recipe variants cause large nutritional differences.
Regional Specialty,Hyderabadi Bhindi Masala with Roti,100,136,4.4,10.7,37.6,0.8,0.7,215,Varies widely,Recipe variants cause large nutritional differences.
Regional Specialty,Bengali Butter Chicken with Roti,100,147,8.9,10.6,29.3,0.9,4.9,366,Varies widely,Recipe variants cause large nutritional differences.
Regional Specialty,Keralan Tawa Fish with Roti,100,214,8.6,10.8,19.3,0.7,9.1,309,Varies widely,Recipe variants cause large nutritional differences.
Salad/Side,Papad (Roasted),100,73,1.5,7.6,16.5,3.5,4.8,171,Varies,
Breakfast/Tiffin,Mixed Vegetable Sabzi,100,299,11.3,13.9,28.8,3.4,1.8,142,"B-vitamins, Iron (varies), Fibre (if wholegrain)",Values depend on oil/ghee and portion.
Sweets/Dessert,Peda,100,331,7.9,17.4,40.4,0.9,42.3,216,Calcium (dairy-based); minimal vitamins otherwise,High sugar and calories.
Regional Specialty,Bengali Fish Curry,100,360,10.2,9.8,58.3,1.9,17.3,156,Varies widely,Recipe variants cause large nutritional differences.
Regional Specialty,Rajasthani Malai Kofta with Roti,100,151,13.6,13.9,38.0,6.0,9.8,425,Varies widely,Recipe variants cause large nutritional differences.
Regional Specialty,Gujarati Egg Curry small,100,206,16.9,12.0,46.2,3.2,8.0,476,Varies widely,Recipe variants cause large nutritional differences.
Meat/Seafood,Fish Curry,100,262,19.2,4.7,1.9,0.0,0.0,282,"Protein, B12, Iron (esp. red meat), Omega-3 (seafood)",Good protein source; fat depends on cut & cooking.
